product_name,price,source,product_url,image_url
Desktop PC CPU Computer Intel Core i3 3210 4 GB 250 GB Better Than i5 650,"Rs. 14,555.00",ebay.in,http://www.ebay.in/itm/Desktop-PC-CPU-Computer-Intel-Core-i3-3210-4-GB-250-GB-Better-Than-i5-650/122774582253?hash=item1c95ef73ed:g:WV4AAOSwd7xZuOO8,https://i.ebayimg.com/thumbs/images/g/WV4AAOSwd7xZuOO8/s-l225.jpg
Desktop PC COMPUTER Intel CORE i5 PROCESSOR / 8GB RAM /320GB HARD DISK With Wifi,"Rs. 15,299.00",ebay.in,http://www.ebay.in/itm/Desktop-PC-COMPUTER-Intel-CORE-i5-PROCESSOR-8GB-RAM-320GB-HARD-DISK-With-Wifi/132242368352?hash=item1eca426760:g:TWEAAOSwbYZXenG7,https://i.ebayimg.com/thumbs/images/g/TWEAAOSwbYZXenG7/s-l225.jpg
Desktop PC COMPUTER CORE I -5 PROCESSOR / 8GB RAM /320GB HDD/LG LED MONITOR,"Rs. 23,300.00",ebay.in,http://www.ebay.in/itm/Desktop-PC-COMPUTER-CORE-I-5-PROCESSOR-8GB-RAM-320GB-HDD-LG-LED-MONITOR/132242395293?hash=item1eca42d09d:g:sIsAAOSwXeJXemGN,https://i.ebayimg.com/thumbs/images/g/sIsAAOSwXeJXemGN/s-l225.jpg
Desktop PC CPU COMPUTER CORE i-5 PROCESSOR / 4GB RAM /1 TB HARD DISK/wifi,"Rs. 16,899.00",ebay.in,http://www.ebay.in/itm/Desktop-PC-CPU-COMPUTER-CORE-i-5-PROCESSOR-4GB-RAM-1-TB-HARD-DISK-wifi/132242433726?hash=item1eca4366be:g:r9oAAOSwzJ5XemxC,https://i.ebayimg.com/thumbs/images/g/r9oAAOSwzJ5XemxC/s-l225.jpg
Desktop CPU COMPUTER CORE I -5 PROCESSOR/ 8GB RAM /1 TB HARD DISK/DELL LED 18.5,"Rs. 25,399.00",ebay.in,http://www.ebay.in/itm/Desktop-CPU-COMPUTER-CORE-I-5-PROCESSOR-8GB-RAM-1-TB-HARD-DISK-DELL-LED-18-5/132242643947?hash=item1eca469beb:g:erEAAOSwJblW~iFi,https://i.ebayimg.com/thumbs/images/g/erEAAOSwJblW~iFi/s-l225.jpg
DESKTOP COMPUTER PC CPU I5 1st 650 1YW Z55 zeb MB 1YW 4GB DDR3 3YW 320 GB HD 1Y,"Rs. 14,999.00",ebay.in,http://www.ebay.in/itm/DESKTOP-COMPUTER-PC-CPU-I5-1st-650-1YW-Z55-zeb-MB-1YW-4GB-DDR3-3YW-320-GB-HD-1Y/132271777838?hash=item1ecc03282e:g:fG0AAOSwacFZcO1A,https://i.ebayimg.com/thumbs/images/g/fG0AAOSwacFZcO1A/s-l225.jpg
DESKTOP COMPUTER PC CPU I5 1st 650 1YW/Z55 zeb MB 1YW/8GB DDR3 3YW/SEA 320GB 1Y,"Rs. 16,199.00",ebay.in,http://www.ebay.in/itm/DESKTOP-COMPUTER-PC-CPU-I5-1st-650-1YW-Z55-zeb-MB-1YW-8GB-DDR3-3YW-SEA-320GB-1Y/132282771209?hash=item1eccaae709:g:fG0AAOSwacFZcO1A,https://i.ebayimg.com/thumbs/images/g/fG0AAOSwacFZcO1A/s-l225.jpg
Desktop PC Computer CPU CORE i3 PROCESSOR / 8GB RAM /320gb Hdd with wifi,"Rs. 13,764.00",ebay.in,http://www.ebay.in/itm/Desktop-PC-Computer-CPU-CORE-i3-PROCESSOR-8GB-RAM-320gb-Hdd-with-wifi/132286421163?hash=item1ecce298ab:g:MhsAAOSwOVpXemnN,https://i.ebayimg.com/thumbs/images/g/MhsAAOSwOVpXemnN/s-l225.jpg
Desktop PC COMPUTER CORE i5 PROCESSOR / 8GB RAM /320GB HARD DISK/DVD-WIFI,"Rs. 15,049.00",ebay.in,http://www.ebay.in/itm/Desktop-PC-COMPUTER-CORE-i5-PROCESSOR-8GB-RAM-320GB-HARD-DISK-DVD-WIFI/132363057592?hash=item1ed173f9b8:g:3L4AAOSwpKtZ4bUc,https://i.ebayimg.com/thumbs/images/g/3L4AAOSwpKtZ4bUc/s-l225.jpg
Desktop PC CPU COMPUTER CORE i5 PROCESSOR / 8GB RAM /320GB HARD DISK,"Rs. 14,899.00",ebay.in,http://www.ebay.in/itm/Desktop-PC-CPU-COMPUTER-CORE-i5-PROCESSOR-8GB-RAM-320GB-HARD-DISK/142428803903?hash=item21296b133f:g:uGAAAOSwqtlZlt7J,https://i.ebayimg.com/thumbs/images/g/uGAAAOSwqtlZlt7J/s-l225.jpg
Desktop PC Computer CPU CORE i5 PROCESSOR / 8GB RAM /1 TB Hdd/2gb Graphics/wifi,"Rs. 21,599.00",ebay.in,http://www.ebay.in/itm/Desktop-PC-Computer-CPU-CORE-i5-PROCESSOR-8GB-RAM-1-TB-Hdd-2gb-Graphics-wifi/142428820669?hash=item21296b54bd:g:r1IAAOSwzJ5XemMN,https://i.ebayimg.com/thumbs/images/g/r1IAAOSwzJ5XemMN/s-l225.jpg
Desktop PC CPU COMPUTER CORE i5 PROCESSOR / 8GB RAM /320GB HARD DISK,"Rs. 15,499.00",ebay.in,http://www.ebay.in/itm/Desktop-PC-CPU-COMPUTER-CORE-i5-PROCESSOR-8GB-RAM-320GB-HARD-DISK/142428846513?hash=item21296bb9b1:g:i7sAAOSwvg9XenFH,https://i.ebayimg.com/thumbs/images/g/i7sAAOSwvg9XenFH/s-l225.jpg
Desktop PC Computer CPU CORE i5 PROCESSOR / 8GB RAM /1TB Hdd/wifi,"Rs. 19,399.00",ebay.in,http://www.ebay.in/itm/Desktop-PC-Computer-CPU-CORE-i5-PROCESSOR-8GB-RAM-1TB-Hdd-wifi/142428855717?hash=item21296bdda5:g:nU8AAOSwkl5XemUD,https://i.ebayimg.com/thumbs/images/g/nU8AAOSwkl5XemUD/s-l225.jpg
Desktop PC CPU COMPUTER CORE i-5 PROCESSOR / 8GB RAM /500GB HARD DISK/wifi,"Rs. 15,999.00",ebay.in,http://www.ebay.in/itm/Desktop-PC-CPU-COMPUTER-CORE-i-5-PROCESSOR-8GB-RAM-500GB-HARD-DISK-wifi/142429033149?hash=item21296e92bd:g:oIMAAOSwzJ5XemvI,https://i.ebayimg.com/thumbs/images/g/oIMAAOSwzJ5XemvI/s-l225.jpg
Intel Compute Stick Ultra Slim BOXSTK1AW32SCL INTEL ATOM | 2GB | 32GB | WIN10,"Rs. 9,900.00",ebay.in,http://www.ebay.in/itm/Intel-Compute-Stick-Ultra-Slim-BOXSTK1AW32SCL-INTEL-ATOM-2GB-32GB-WIN10/152638731994?hash=item2389fa36da:g:JoMAAOSwB-1YqCJ9,https://i.ebayimg.com/thumbs/images/g/JoMAAOSwB-1YqCJ9/s-l225.jpg
"Desktop Computer, Intel G4400/Biostar-H110 MB/1TB/4GB-DDR4/Circle, Assembled PC","Rs. 19,999.00",ebay.in,http://www.ebay.in/itm/Desktop-Computer-Intel-G4400-Biostar-H110-MB-1TB-4GB-DDR4-Circle-Assembled-PC/172366190947?hash=item2821d35963:g:HbIAAOSwggpZczgi,https://i.ebayimg.com/thumbs/images/g/HbIAAOSwggpZczgi/s-l225.jpg
"Desktop Computer, 6th Gen Intel Pentium DC G4400/Biostar H110/1TB/4GB-DDR4/CC555","Rs. 19,500.00",ebay.in,http://www.ebay.in/itm/Desktop-Computer-6th-Gen-Intel-Pentium-DC-G4400-Biostar-H110-1TB-4GB-DDR4-CC555/172605350545?hash=item283014a291:g:r9sAAOSwdGFY39-J,https://i.ebayimg.com/thumbs/images/g/r9sAAOSwdGFY39-J/s-l225.jpg
"Intel Celeron Dual Core J3060/1TB/4GB/Biostar MB, Assembled Desktop PC Computer","Rs. 14,995.00",ebay.in,http://www.ebay.in/itm/Intel-Celeron-Dual-Core-J3060-1TB-4GB-Biostar-MB-Assembled-Desktop-PC-Computer/172761686850?hash=item2839662342:g:TxkAAOSwBhxZc5Xm,https://i.ebayimg.com/thumbs/images/g/TxkAAOSwBhxZc5Xm/s-l225.jpg
"Desktop Computer, Intel i3-7100/Biostar-H110 MB/1TB/4GB-DDR4 Assembled PC","Rs. 24,999.00",ebay.in,http://www.ebay.in/itm/Desktop-Computer-Intel-i3-7100-Biostar-H110-MB-1TB-4GB-DDR4-Assembled-PC/172790093032?hash=item283b1794e8:g:HbIAAOSwggpZczgi,https://i.ebayimg.com/thumbs/images/g/HbIAAOSwggpZczgi/s-l225.jpg
Desktop PC CPU COMPUTER 6th Gen Intel DC 3.3GHz / DDR4 8 GB / 1TB / Gigabyte MB,"Rs. 22,799.00",ebay.in,http://www.ebay.in/itm/Desktop-PC-CPU-COMPUTER-6th-Gen-Intel-DC-3-3GHz-DDR4-8-GB-1TB-Gigabyte-MB/172792665664?hash=item283b3ed640:g:dGoAAOSwBiJZdhsw,https://i.ebayimg.com/thumbs/images/g/dGoAAOSwBiJZdhsw/s-l225.jpg
Desktop PC CPU COMPUTER 7th Gen Intel i3 3.9GHz / DDR4 8 GB / 1TB / Gigabyte MB,"Rs. 27,799.00",ebay.in,http://www.ebay.in/itm/Desktop-PC-CPU-COMPUTER-7th-Gen-Intel-i3-3-9GHz-DDR4-8-GB-1TB-Gigabyte-MB/172802703353?hash=item283bd7fff9:g:dVIAAOSwNFVZgPU4,https://i.ebayimg.com/thumbs/images/g/dVIAAOSwNFVZgPU4/s-l225.jpg
"Desktop Computer, Intel i3-7100/Biostar-H110/1TB/4GB-DDR4/Circle555 Assembled PC","Rs. 24,999.00",ebay.in,http://www.ebay.in/itm/Desktop-Computer-Intel-i3-7100-Biostar-H110-1TB-4GB-DDR4-Circle555-Assembled-PC/172837083002?hash=item283de4977a:g:Qa4AAOSwbmdZgaPa,https://i.ebayimg.com/thumbs/images/g/Qa4AAOSwbmdZgaPa/s-l225.jpg
Mini PC Computer HTPC Intel Celeron Quad Core J3160/1TB/4GB/Cooler Master 110,"Rs. 19,499.00",ebay.in,http://www.ebay.in/itm/Mini-PC-Computer-HTPC-Intel-Celeron-Quad-Core-J3160-1TB-4GB-Cooler-Master-110/172873287736?hash=item28400d0838:g:rXIAAOSwq3VZeLOk,https://i.ebayimg.com/thumbs/images/g/rXIAAOSwq3VZeLOk/s-l225.jpg
"New listing Intel Celeron Quad Core J3160/1TB/4GB/Biostar MB, Assembled Desktop PC Computer","Rs. 15,999.00",ebay.in,http://www.ebay.in/itm/Intel-Celeron-Quad-Core-J3160-1TB-4GB-Biostar-MB-Assembled-Desktop-PC-Computer/172955990952?hash=item2844fafba8:g:TxkAAOSwBhxZc5Xm,https://i.ebayimg.com/thumbs/images/g/TxkAAOSwBhxZc5Xm/s-l225.jpg
"Mini PC Computer, HTPC Intel Celeron DC J3060/1TB/4GB/Biostar MB/ CM Elite110","Rs. 17,999.00",ebay.in,http://www.ebay.in/itm/Mini-PC-Computer-HTPC-Intel-Celeron-DC-J3060-1TB-4GB-Biostar-MB-CM-Elite110/182687165027?hash=item2a8900ea63:g:rXIAAOSwq3VZeLOk,https://i.ebayimg.com/thumbs/images/g/rXIAAOSwq3VZeLOk/s-l225.jpg
Desktop PC Computer CPU CORE i5 PROCESSOR / 8GB RAM /1TB Hdd with 2GB Graphics,"Rs. 22,999.00",ebay.in,http://www.ebay.in/itm/Desktop-PC-Computer-CPU-CORE-i5-PROCESSOR-8GB-RAM-1TB-Hdd-with-2GB-Graphics/142428837064?hash=item21296b94c8:g:MhsAAOSwOVpXemnN,https://i.ebayimg.com/thumbs/images/g/MhsAAOSwOVpXemnN/s-l225.jpg
Desktop PC COMPUTER CORE I -5 PROCESSOR / 8GB RAM /320GB HDD/LG LED MONITOR,"Rs. 22,450.00",ebay.in,http://www.ebay.in/itm/Desktop-PC-COMPUTER-CORE-I-5-PROCESSOR-8GB-RAM-320GB-HDD-LG-LED-MONITOR/142508132787?hash=item212e2589b3:g:sIsAAOSwXeJXemGN,https://i.ebayimg.com/thumbs/images/g/sIsAAOSwXeJXemGN/s-l225.jpg
Desktop PC CPU COMPUTER CORE I5 520 &amp; above/ 8 GB / 1TB Hard Disk+ FREE GIFT,"Rs. 19,999.00",ebay.in,http://www.ebay.in/itm/Desktop-PC-CPU-COMPUTER-CORE-I5-520-above-8-GB-1TB-Hard-Disk-FREE-GIFT/201513825815?hash=item2eeb28f617:g:EMMAAOSwNyFWel83,https://i.ebayimg.com/thumbs/images/g/EMMAAOSwNyFWel83/s-l225.jpg
"DESKTOP CPU INTEL CORE2DUO 2.66gz processo, 2GB DDR2 RAM,160HDD DESKTOP COMPUTER","Rs. 6,999.00",ebay.in,http://www.ebay.in/itm/DESKTOP-CPU-INTEL-CORE2DUO-2-66gz-processo-2GB-DDR2-RAM-160HDD-DESKTOP-COMPUTER/201513826156?hash=item2eeb28f76c:g:2HgAAOSw3KFWf8Ts,https://i.ebayimg.com/thumbs/images/g/2HgAAOSw3KFWf8Ts/s-l225.jpg
Desktop PC CPU COMPUTER CORE I5 650 &amp; above/ 4 GB / 500 gb Hard Disk + FREE GIFT,"Rs. 15,399.00",ebay.in,http://www.ebay.in/itm/Desktop-PC-CPU-COMPUTER-CORE-I5-650-above-4-GB-500-gb-Hard-Disk-FREE-GIFT/201513830592?hash=item2eeb2908c0:g:EMMAAOSwNyFWel83,https://i.ebayimg.com/thumbs/images/g/EMMAAOSwNyFWel83/s-l225.jpg
"DESKTOP CPU INTEL CORE 2 DUO 2.66ghz, 4 GB DDR3 RAM,160 HDD DESKTOP COMPUTER","Rs. 9,499.00",ebay.in,http://www.ebay.in/itm/DESKTOP-CPU-INTEL-CORE-2-DUO-2-66ghz-4-GB-DDR3-RAM-160-HDD-DESKTOP-COMPUTER/201529328866?hash=item2eec1584e2:g:GZIAAOSwZ1lWgCSA,https://i.ebayimg.com/thumbs/images/g/GZIAAOSwZ1lWgCSA/s-l225.jpg
Desktop PC CPU COMPUTER CORE I5 650 / 4 GB / 320GB Hard Disk + FREE GIFT,"Rs. 13,499.00",ebay.in,http://www.ebay.in/itm/Desktop-PC-CPU-COMPUTER-CORE-I5-650-4-GB-320GB-Hard-Disk-FREE-GIFT/201532066854?hash=item2eec3f4c26:g:EMMAAOSwNyFWel83,https://i.ebayimg.com/thumbs/images/g/EMMAAOSwNyFWel83/s-l225.jpg
Desktop PC CPU COMPUTER CORE I5 650 / 8 GB / 320GB Hard Disk,"Rs. 15,499.00",ebay.in,http://www.ebay.in/itm/Desktop-PC-CPU-COMPUTER-CORE-I5-650-8-GB-320GB-Hard-Disk/201579828896?hash=item2eef1816a0:g:ZcgAAOSwQNRXL29V,https://i.ebayimg.com/thumbs/images/g/ZcgAAOSwQNRXL29V/s-l225.jpg
"DESKTOP CPU INTEL CORE 2 DUO 2.66ghz, 2 GB DDR3 RAM,160 HDD DESKTOP COMPUTER","Rs. 7,600.00",ebay.in,http://www.ebay.in/itm/DESKTOP-CPU-INTEL-CORE-2-DUO-2-66ghz-2-GB-DDR3-RAM-160-HDD-DESKTOP-COMPUTER/201774711527?hash=item2efab5c2e7:g:GZIAAOSwZ1lWgCSA,https://i.ebayimg.com/thumbs/images/g/GZIAAOSwZ1lWgCSA/s-l225.jpg
Desktop PC CPU COMPUTER CORE I5 2400s/ 8 GB / 320GB Hard Disk + FREE GIFT,"Rs. 17,999.00",ebay.in,http://www.ebay.in/itm/Desktop-PC-CPU-COMPUTER-CORE-I5-2400s-8-GB-320GB-Hard-Disk-FREE-GIFT/201780779385?hash=item2efb125979:g:EMMAAOSwNyFWel83,https://i.ebayimg.com/thumbs/images/g/EMMAAOSwNyFWel83/s-l225.jpg
Desktop PC COMPUTER DELL OPTIPLEX 790 CORE I3 2100 or above/ 4 GB / 320GB HDD,"Rs. 20,499.00",ebay.in,http://www.ebay.in/itm/Desktop-PC-COMPUTER-DELL-OPTIPLEX-790-CORE-I3-2100-or-above-4-GB-320GB-HDD/201802109835?hash=item2efc57d38b:g:~cIAAOSwTglYkNIe,https://i.ebayimg.com/thumbs/images/g/~cIAAOSwTglYkNIe/s-l225.jpg
Desktop PC COMPUTER DELL OPTIPLEX 9010 CORE I3 2100/ 4 GB / 320GB HDD/ USB 3.0,"Rs. 16,999.00",ebay.in,http://www.ebay.in/itm/Desktop-PC-COMPUTER-DELL-OPTIPLEX-9010-CORE-I3-2100-4-GB-320GB-HDD-USB-3-0/201802120413?hash=item2efc57fcdd:g:RF0AAOSwOgdYqF-2,https://i.ebayimg.com/thumbs/images/g/RF0AAOSwOgdYqF-2/s-l225.jpg
Desktop PC COMPUTER DELL OPTIPLEX 9010 CORE I5 2400s/ 4 GB / 320GB HDD/ USB 3.0,"Rs. 19,999.00",ebay.in,http://www.ebay.in/itm/Desktop-PC-COMPUTER-DELL-OPTIPLEX-9010-CORE-I5-2400s-4-GB-320GB-HDD-USB-3-0/201802145747?hash=item2efc585fd3:g:dsIAAOSwx6pYqGAZ,https://i.ebayimg.com/thumbs/images/g/dsIAAOSwx6pYqGAZ/s-l225.jpg
Desktop PC COMPUTER DELL OPTIPLEX 9010 CORE I5 2400s/ 4 GB / 500GB HDD/ USB 3.0,"Rs. 28,299.00",ebay.in,http://www.ebay.in/itm/Desktop-PC-COMPUTER-DELL-OPTIPLEX-9010-CORE-I5-2400s-4-GB-500GB-HDD-USB-3-0/201802147190?hash=item2efc586576:g:epIAAOSw4A5YqF9j,https://i.ebayimg.com/thumbs/images/g/epIAAOSw4A5YqF9j/s-l225.jpg
Desktop PC COMPUTER DELL OPTIPLEX 9010 CORE I3 2100/ 4 GB / 500GB HDD/ USB 3.0,"Rs. 26,299.00",ebay.in,http://www.ebay.in/itm/Desktop-PC-COMPUTER-DELL-OPTIPLEX-9010-CORE-I3-2100-4-GB-500GB-HDD-USB-3-0/201802149198?hash=item2efc586d4e:g:0nwAAOSw~AVYqF8A,https://i.ebayimg.com/thumbs/images/g/0nwAAOSw~AVYqF8A/s-l225.jpg
Desktop PC COMPUTER DELL OPTIPLEX 790 CORE I3 2100 or above/ 4 GB / 500GB HDD,"Rs. 26,499.00",ebay.in,http://www.ebay.in/itm/Desktop-PC-COMPUTER-DELL-OPTIPLEX-790-CORE-I3-2100-or-above-4-GB-500GB-HDD/201802150757?hash=item2efc587365:g:~cIAAOSwTglYkNIe,https://i.ebayimg.com/thumbs/images/g/~cIAAOSwTglYkNIe/s-l225.jpg
Desktop PC COMPUTER DELL OPTIPLEX 790 CORE I5 2400s or above/ 4 GB / 500GB HDD,"Rs. 23,499.00",ebay.in,http://www.ebay.in/itm/Desktop-PC-COMPUTER-DELL-OPTIPLEX-790-CORE-I5-2400s-or-above-4-GB-500GB-HDD/201802152129?hash=item2efc5878c1:g:~cIAAOSwTglYkNIe,https://i.ebayimg.com/thumbs/images/g/~cIAAOSwTglYkNIe/s-l225.jpg
Desktop PC COMPUTER HP 6300 CORE I5 2400s/ 4 GB / 320GB HDD/ USB 3.0,"Rs. 20,999.00",ebay.in,http://www.ebay.in/itm/Desktop-PC-COMPUTER-HP-6300-CORE-I5-2400s-4-GB-320GB-HDD-USB-3-0/201814081567?hash=item2efd0e801f:g:1mwAAOSw4A5YnbNv,https://i.ebayimg.com/thumbs/images/g/1mwAAOSw4A5YnbNv/s-l225.jpg
Desktop PC COMPUTER HP Elite 6300 CORE I3 2100/ 4 GB / 320GB HDD/ USB 3.0,"Rs. 20,999.00",ebay.in,http://www.ebay.in/itm/Desktop-PC-COMPUTER-HP-Elite-6300-CORE-I3-2100-4-GB-320GB-HDD-USB-3-0/201814082933?hash=item2efd0e8575:g:Aa8AAOSw3v5Ynbe2,https://i.ebayimg.com/thumbs/images/g/Aa8AAOSw3v5Ynbe2/s-l225.jpg
Desktop PC CPU COMPUTER CORE I5 3470s/ 8 GB / 1 TB Hard Disk + FREE GIFT,"Rs. 21,999.00",ebay.in,http://www.ebay.in/itm/Desktop-PC-CPU-COMPUTER-CORE-I5-3470s-8-GB-1-TB-Hard-Disk-FREE-GIFT/201821492678?hash=item2efd7f95c6:g:EMMAAOSwNyFWel83,https://i.ebayimg.com/thumbs/images/g/EMMAAOSwNyFWel83/s-l225.jpg
Desktop PC Computer CPU CORE i7 PROCESSOR / 8GB RAM /1TB Hdd with 2GB Graphics,"Rs. 33,999.00",ebay.in,http://www.ebay.in/itm/Desktop-PC-Computer-CPU-CORE-i7-PROCESSOR-8GB-RAM-1TB-Hdd-with-2GB-Graphics/201856806136?hash=item2eff9a6cf8:g:29QAAOSwXYtYzAeQ,https://i.ebayimg.com/thumbs/images/g/29QAAOSwXYtYzAeQ/s-l225.jpg
Desktop PC CPU COMPUTER CORE I7 3770 3.4ghz/ 8 GB / 500GB Hard Disk + FREE GIFT,"Rs. 29,999.00",ebay.in,http://www.ebay.in/itm/Desktop-PC-CPU-COMPUTER-CORE-I7-3770-3-4ghz-8-GB-500GB-Hard-Disk-FREE-GIFT/201930299052?hash=item2f03fbd6ac:g:CLgAAOSwZKBZH8og,https://i.ebayimg.com/thumbs/images/g/CLgAAOSwZKBZH8og/s-l225.jpg
Desktop PC CPU COMPUTER CORE I7 3770 3.4ghz/ 16 GB / 1TB Hard Disk + FREE GIFT,"Rs. 37,499.00",ebay.in,http://www.ebay.in/itm/Desktop-PC-CPU-COMPUTER-CORE-I7-3770-3-4ghz-16-GB-1TB-Hard-Disk-FREE-GIFT/201930302076?hash=item2f03fbe27c:g:CLgAAOSwZKBZH8og,https://i.ebayimg.com/thumbs/images/g/CLgAAOSwZKBZH8og/s-l225.jpg
Desktop PC CPU COMPUTER CORE I7 4770 3.4ghz/ 16 GB / 1 TB Hard Disk + FREE GIFT,"Rs. 44,999.00",ebay.in,http://www.ebay.in/itm/Desktop-PC-CPU-COMPUTER-CORE-I7-4770-3-4ghz-16-GB-1-TB-Hard-Disk-FREE-GIFT/201930311876?hash=item2f03fc08c4:g:CLgAAOSwZKBZH8og,https://i.ebayimg.com/thumbs/images/g/CLgAAOSwZKBZH8og/s-l225.jpg
Desktop PC CPU COMPUTER CORE I7 2600 3.4ghz/ 4 GB / 500 GB Hard Disk + FREE GIFT,"Rs. 26,999.00",ebay.in,http://www.ebay.in/itm/Desktop-PC-CPU-COMPUTER-CORE-I7-2600-3-4ghz-4-GB-500-GB-Hard-Disk-FREE-GIFT/201930883366?hash=item2f0404c126:g:CLgAAOSwZKBZH8og,https://i.ebayimg.com/thumbs/images/g/CLgAAOSwZKBZH8og/s-l225.jpg
Hp laptop original charger urgent sell,Rs. 1000,olx.in,https://www.olx.in/item/hp-laptop-original-charger-urgent-sell-ID1fz5Et.html#633e88cfd1,https://img01.olx.in/images_olxin/424340711_1_144x108_hp-laptop-original-charger-urgent-sell-patna.jpg
d link internet moderm and raoter,Rs. 800,olx.in,https://www.olx.in/item/d-link-internet-moderm-and-raoter-ID1fz5cj.html#633e88cfd1,https://img01.olx.in/images_olxin/424337733_1_144x108_d-link-internet-moderm-and-raoter-bhopal.jpg
Black Dell Laptop Computer,Rs. 15000,olx.in,https://www.olx.in/item/black-dell-laptop-computer-ID1fz5Cp.html#633e88cfd1,https://img01.olx.in/images_olxin/424340815_1_144x108_black-dell-laptop-computer-mumbai.jpg
HP Flat Core 2 duo Full set 17inch Lcd DDRII ram 4gb Hdd 250gb in 9200,Rs. 9200,olx.in,https://www.olx.in/item/hp-flat-core-2-duo-full-set-17inch-lcd-ddrii-ram-4gb-hdd-250gb-in-9200-ID1cjLXw.html#633e88cfd1,https://img03.olx.in/images_olxin/342970609_1_144x108_hp-flat-core-2-duo-full-set-17inch-lcd-ddrii-ram-4gb-hdd-250gb-in-9200-jaipur.jpg
Hp laptop only 2year old. - Intel Core i3 (4th,Rs. 21000,olx.in,https://www.olx.in/item/hp-laptop-only-2year-old-intel-core-i3-4th-ID1f1pK5.html#633e88cfd1,https://img01.olx.in/images_olxin/410242371_1_144x108_hp-laptop-only-2year-old-intel-core-i3-4th-cuttack.jpg
Crt monitor for urgent sale,Rs. 2000,olx.in,https://www.olx.in/item/crt-monitor-for-urgent-sale-ID1fz5wJ.html#633e88cfd1,https://img01.olx.in/images_olxin/424339767_1_144x108_crt-monitor-for-urgent-sale-manjeri.jpg
Acer Mini 160 Gb 1gb Ram Good Condition Only 6500,Rs. 6500,olx.in,https://www.olx.in/item/acer-mini-160-gb-1gb-ram-good-condition-only-6500-ID1fz5wr.html#633e88cfd1,https://img01.olx.in/images_olxin/424339979_1_144x108_acer-mini-160-gb-1gb-ram-good-condition-only-6500-mumbai.jpg
mouse and headphone with mic for computer not used very good condition,Rs. 350,olx.in,https://www.olx.in/item/mouse-and-headphone-with-mic-for-computer-not-used-very-good-condition-ID1fz5vT.html#633e88cfd1,https://img01.olx.in/images_olxin/424340219_3_144x108_mouse-and-headphone-with-mic-for-computer-not-used-very-good-condition-computer-accessories_rev002.jpg
"Rptec systems: CPU available core 2 duo,i3,i7 78457_58372",Rs. 3500,olx.in,https://www.olx.in/item/rptec-systems-cpu-available-core-2-duo-i3-i7-78457-58372-ID13UMPN.html#633e88cfd1,https://img04.olx.in/images_olxin/177951755_1_144x108_rptec-systems-cpu-available-core-2-duoi3i7-78457-58372-coimbatore_rev002.jpg
"New computer for sell , genuine use. in good",Rs. 10500,olx.in,https://www.olx.in/item/new-computer-for-sell-genuine-use-in-good-ID1fz5sJ.html#633e88cfd1,https://img01.olx.in/images_olxin/424339253_1_144x108_new-computer-for-sell-genuine-use-in-good-rajkot.jpg
Hp Mini 110,Rs. 8000,olx.in,https://www.olx.in/item/hp-mini-110-ID1fz5v3.html#633e88cfd1,https://img01.olx.in/images_olxin/424339729_1_144x108_hp-mini-110-bhubaneswar.jpg
Dell Optiplex 960,Rs. 6000,olx.in,https://www.olx.in/item/dell-optiplex-960-ID1fz5sh.html#633e88cfd1,https://img01.olx.in/images_olxin/424338213_1_144x108_dell-optiplex-960-bengaluru.jpg
Black Dell Corded Mouse,Rs. 100,olx.in,https://www.olx.in/item/black-dell-corded-mouse-ID1fz5pw.html#633e88cfd1,https://img01.olx.in/images_olxin/424339333_1_144x108_black-dell-corded-mouse-ganganagar.jpg
Black HP Laptop,Rs. 40500,olx.in,https://www.olx.in/item/black-hp-laptop-ID1fz5d5.html#633e88cfd1,https://img01.olx.in/images_olxin/424337835_1_144x108_black-hp-laptop-vadodara_rev002.jpg
Laptop for sale,Rs. 12000,olx.in,https://www.olx.in/item/laptop-for-sale-ID1fz5td.html#633e88cfd1,https://img01.olx.in/images_olxin/424338871_1_144x108_laptop-for-sale-goreswar_rev002.jpg
Branded product - Challenging price,Rs. 10000,olx.in,https://www.olx.in/item/branded-product-challenging-price-ID1fz5hN.html#633e88cfd1,https://img01.olx.in/images_olxin/424338317_1_144x108_branded-product-challenging-price-coimbatore.jpg
Black APC Surge Protection Back UPS ES,Rs. 750,olx.in,https://www.olx.in/item/black-apc-surge-protection-back-ups-es-ID1d24tb.html#633e88cfd1,https://img04.olx.in/images_olxin/360369187_1_144x108_black-apc-surge-protection-back-ups-es-pune.jpg
Black And Gray HP Laptop,Rs. 10000,olx.in,https://www.olx.in/item/black-and-gray-hp-laptop-ID1fz5pd.html#633e88cfd1,https://img01.olx.in/images_olxin/424338483_1_144x108_black-and-gray-hp-laptop-modinagar.jpg
"Window 7 version,I bought this product july 2015.",Rs. 25000,olx.in,https://www.olx.in/item/window-7-version-i-bought-this-product-july-2015-ID1fz5lb.html#633e88cfd1,https://img01.olx.in/images_olxin/424337923_3_144x108_window-7-versioni-bought-this-product-july-2015-computers-laptops.jpg
6 month warrnty in laptop - Dell- corei5 - 2gb,Rs. 17499,olx.in,https://www.olx.in/item/6-month-warrnty-in-laptop-dell-corei5-2gb-ID1fz5kN.html#633e88cfd1,https://img01.olx.in/images_olxin/424338785_1_144x108_6-month-warrnty-in-laptop-dell-corei5-2gb-jharsuguda.jpg
"Power Bank 10,000mah, Wifi Dongal 600mbps speed,",Rs. 1500,olx.in,https://www.olx.in/item/power-bank-10-000mah-wifi-dongal-600mbps-speed-ID1fz5ip.html#633e88cfd1,https://img01.olx.in/images_olxin/424336007_1_144x108_power-bank-10000mah-wifi-dongal-600mbps-speed-hyderabad.jpg
De'll i3 procec,Rs. 13500,olx.in,https://www.olx.in/item/dell-i3-procec-ID1fz5fJ.html#633e88cfd1,https://img01.olx.in/images_olxin/424337213_1_144x108_dell-i3-procec-darbhanga.jpg
Laptop ACER one 14 Z422 good condition 1 year old,Rs. 18000,olx.in,https://www.olx.in/item/laptop-acer-one-14-z422-good-condition-1-year-old-ID1fz5eD.html#633e88cfd1,https://img01.olx.in/images_olxin/424336281_1_144x108_laptop-acer-one-14-z422-good-condition-1-year-old-bundi_rev001.jpg
Core too dueo .2gb ram .battery back up 3 hours,Rs. 7500,olx.in,https://www.olx.in/item/core-too-dueo-2gb-ram-battery-back-up-3-hours-ID1fz5kL.html#633e88cfd1,https://img01.olx.in/images_olxin/424337099_1_144x108_core-too-dueo-2gb-ram-battery-back-up-3-hours-mehmedabad.jpg
macbook pro,Rs. 30000,olx.in,https://www.olx.in/item/macbook-pro-ID1fz5f1.html#633e88cfd1,https://img01.olx.in/images_olxin/424337917_1_144x108_macbook-pro-ghaziabad.jpg
Samsung galaxy duos,Rs. 3000,olx.in,https://www.olx.in/item/samsung-galaxy-duos-ID1fz58T.html#633e88cfd1,https://img01.olx.in/images_olxin/424337111_1_144x108_samsung-galaxy-duos-silchar.jpg
New Complete Bord,Rs. 100,olx.in,https://www.olx.in/item/new-complete-bord-ID1fz5gZ.html#633e88cfd1,https://img01.olx.in/images_olxin/424338235_1_144x108_new-complete-bord-aurangabad_rev002.jpg
pc computer in good working condition and,Rs. 3999,olx.in,https://www.olx.in/item/pc-computer-in-good-working-condition-and-ID1fpFLr.html#633e88cfd1,https://img01.olx.in/images_olxin/420393921_1_144x108_pc-computer-in-good-working-condition-and-bahadurgarh.jpg
Dell Dual Core 4 GB 250 GB 2.8 Ghz Processor GX Series With LCD,Rs. 4999,olx.in,https://www.olx.in/item/dell-dual-core-4-gb-250-gb-2-8-ghz-processor-gx-series-with-lcd-ID1dIzcd.html#633e88cfd1,https://img04.olx.in/images_olxin/377126469_1_144x108_dell-dual-core-4-gb-250-gb-28-ghz-processor-gx-series-with-lcd-virar.jpg
Tara photon + dangle for sale,Rs. 600,olx.in,https://www.olx.in/item/tara-photon-dangle-for-sale-ID1fz5bD.html#633e88cfd1,https://img01.olx.in/images_olxin/424337595_1_144x108_tara-photon-dangle-for-sale-pune.jpg
MacBook Pro,Rs. 32000,olx.in,https://www.olx.in/item/macbook-pro-ID1fz4NJ.html#633e88cfd1,https://img01.olx.in/images_olxin/424334843_1_144x108_macbook-pro-hyderabad.jpg
intel core i3 530 gen PC,Rs. 12900,olx.in,https://www.olx.in/item/intel-core-i3-530-gen-pc-ID1fxKG7.html#633e88cfd1,https://img01.olx.in/images_olxin/423784277_1_144x108_intel-core-i3-530-gen-pc-kovalam.jpg
Dell 6420 i5 4gb ram 250gb harddisk 2nd,Rs. 16000,olx.in,https://www.olx.in/item/dell-6420-i5-4gb-ram-250gb-harddisk-2nd-ID1fz5aH.html#633e88cfd1,https://img01.olx.in/images_olxin/424337497_1_144x108_dell-6420-i5-4gb-ram-250gb-harddisk-2nd-delhi.jpg
White And Black WiFi Camera,Rs. 2200,olx.in,https://www.olx.in/item/white-and-black-wifi-camera-ID1fz4ZJ.html#633e88cfd1,https://img01.olx.in/images_olxin/424336353_1_144x108_white-and-black-wifi-camera-delhi.jpg
Black Laptop Computer,Rs. 38000,olx.in,https://www.olx.in/item/black-laptop-computer-ID1fz6dl.html#df626db38c,https://img01.olx.in/images_olxin/424345033_1_144x108_black-laptop-computer-chandigarh.jpg
"lenovo think center m92 core i5 3rd generation, 4",Rs. 15000,olx.in,https://www.olx.in/item/lenovo-think-center-m92-core-i5-3rd-generation-4-ID1fz5P5.html#df626db38c,https://img01.olx.in/images_olxin/424342055_1_144x108_lenovo-think-center-m92-core-i5-3rd-generation-4-chennai.jpg
Black Laptop Computer,Rs. 9000,olx.in,https://www.olx.in/item/black-laptop-computer-ID1fz66x.html#df626db38c,https://img01.olx.in/images_olxin/424344243_1_144x108_black-laptop-computer-mumbai.jpg
Dell Laptop For Sell Rs.16000 fix price Bombay Coer i7,Rs. 16000,olx.in,https://www.olx.in/item/dell-laptop-for-sell-rs-16000-fix-price-bombay-coer-i7-ID1fz643.html#df626db38c,https://img01.olx.in/images_olxin/424343687_1_144x108_dell-laptop-for-sell-rs16000-fix-price-bombay-coer-i7-mumbai.jpg
Full set computer with keyboard mouse printer,Rs. 10000,olx.in,https://www.olx.in/item/full-set-computer-with-keyboard-mouse-printer-ID1fz5Wf.html#df626db38c,https://img01.olx.in/images_olxin/424341337_1_144x108_full-set-computer-with-keyboard-mouse-printer-alappuzha.jpg
Assembled PC in working condition for sale,Rs. 5500,olx.in,https://www.olx.in/item/assembled-pc-in-working-condition-for-sale-ID1fz5O7.html#df626db38c,https://img01.olx.in/images_olxin/424341811_1_144x108_assembled-pc-in-working-condition-for-sale-latur.jpg
GX-520 Intel DUAL Core CPU for Sell Rs.2200 Fix price,Rs. 2200,olx.in,https://www.olx.in/item/gx-520-intel-dual-core-cpu-for-sell-rs-2200-fix-price-ID1fz5ZW.html#df626db38c,https://img01.olx.in/images_olxin/424343275_1_144x108_gx-520-intel-dual-core-cpu-for-sell-rs2200-fix-price-mumbai.jpg
Black Dell Laptop Computer,Rs. 10500,olx.in,https://www.olx.in/item/black-dell-laptop-computer-ID1fz5Nw.html#df626db38c,https://img01.olx.in/images_olxin/424342035_1_144x108_black-dell-laptop-computer-ichalkaranji.jpg
Lenovo Core2 Duo CPU for Sell Rs.3500,Rs. 3500,olx.in,https://www.olx.in/item/lenovo-core2-duo-cpu-for-sell-rs-3500-ID1fz5LZ.html#df626db38c,https://img01.olx.in/images_olxin/424341449_1_144x108_lenovo-core2-duo-cpu-for-sell-rs3500-mumbai.jpg
Black Laptop Computer,Rs. 11999,olx.in,https://www.olx.in/item/black-laptop-computer-ID1fz621.html#df626db38c,https://img01.olx.in/images_olxin/424343673_1_144x108_black-laptop-computer-jodhpur.jpg
Black And Gray HP Laptop,Rs. 10500,olx.in,https://www.olx.in/item/black-and-gray-hp-laptop-ID1fz5Sd.html#df626db38c,https://img01.olx.in/images_olxin/424342599_1_144x108_black-and-gray-hp-laptop-ichalkaranji.jpg
Green And Blue Computer Motherboard,Rs. 4800,olx.in,https://www.olx.in/item/green-and-blue-computer-motherboard-ID1fz5U7.html#df626db38c,https://img01.olx.in/images_olxin/424342625_1_144x108_green-and-blue-computer-motherboard-muvattupuzha.jpg
32GB Gray USB Flash Drive Screenshot,Rs. 600,olx.in,https://www.olx.in/item/32gb-gray-usb-flash-drive-screenshot-ID1fz5U1.html#df626db38c,https://img01.olx.in/images_olxin/424342833_1_144x108_32gb-gray-usb-flash-drive-screenshot-ahmedabad.jpg
Black Laptop Computer,Rs. 25000,olx.in,https://www.olx.in/item/black-laptop-computer-ID1fz5QF.html#df626db38c,https://img01.olx.in/images_olxin/424341933_1_144x108_black-laptop-computer-noida.jpg
Desktop Computer and HP Printer,Rs. 12000,olx.in,https://www.olx.in/item/desktop-computer-and-hp-printer-ID1fz5W1.html#df626db38c,https://img01.olx.in/images_olxin/424341603_1_144x108_desktop-computer-and-hp-printer-lucknow.jpg
Core i7 Gaming/Editing CPU with 8GB Ram/1TB HDD/Nvidia Quadro Fx Graph,Rs. 26500,olx.in,https://www.olx.in/item/core-i7-gaming-editing-cpu-with-8gb-ram-1tb-hdd-nvidia-quadro-fx-graph-ID1fz5T9.html#df626db38c,https://img01.olx.in/images_olxin/424342083_1_144x108_core-i7-gaming-editing-cpu-with-8gb-ram-1tb-hdd-nvidia-quadro-fx-graph-chennai.jpg
intel pentium dualcore computer,Rs. 8900,olx.in,https://www.olx.in/item/intel-pentium-dualcore-computer-ID1fxKLW.html#df626db38c,https://img01.olx.in/images_olxin/423785013_1_144x108_intel-pentium-dualcore-computer-neyyattinkara.jpg
Black HP Laptop Computer,Rs. 20000,olx.in,https://www.olx.in/item/black-hp-laptop-computer-ID1fz5Hl.html#df626db38c,https://img01.olx.in/images_olxin/424341075_1_144x108_black-hp-laptop-computer-pasighat.jpg
Tosiba Laptop 2gb Ram 160 Gb Hdd Battery Backup Only 6500,Rs. 6500,olx.in,https://www.olx.in/item/tosiba-laptop-2gb-ram-160-gb-hdd-battery-backup-only-6500-ID1fz5Vd.html#df626db38c,https://img01.olx.in/images_olxin/424343045_1_144x108_tosiba-laptop-2gb-ram-160-gb-hdd-battery-backup-only-6500-mumbai.jpg
Dell LED Monitor,Rs. 3100,olx.in,https://www.olx.in/item/dell-led-monitor-ID1fz5T7.html#df626db38c,https://img01.olx.in/images_olxin/424342393_1_144x108_dell-led-monitor-ernakulam.jpg
HP Elite Book 8470P intel Coer i5 Rs.14500,Rs. 14500,olx.in,https://www.olx.in/item/hp-elite-book-8470p-intel-coer-i5-rs-14500-ID1fz5Wx.html#df626db38c,https://img01.olx.in/images_olxin/424342779_1_144x108_hp-elite-book-8470p-intel-coer-i5-rs14500-mumbai.jpg
HP Laptop for Sale,Rs. 14000,olx.in,https://www.olx.in/item/hp-laptop-for-sale-ID1fz5Nl.html#df626db38c,https://img01.olx.in/images_olxin/424341169_1_144x108_hp-laptop-for-sale-bathinda.jpg
computer lcd screen 19 inch,Rs. 3000,olx.in,https://www.olx.in/item/computer-lcd-screen-19-inch-ID1fz5FF.html#df626db38c,https://img01.olx.in/images_olxin/424341151_1_144x108_computer-lcd-screen-19-inch-delhi.jpg
Computer sale,Rs. 22000,olx.in,https://www.olx.in/item/computer-sale-ID1fz5M7.html#df626db38c,https://img01.olx.in/images_olxin/424341753_1_144x108_computer-sale-tarn-taran_rev002.jpg
Black Dell Laptop Computer,Rs. 7500,olx.in,https://www.olx.in/item/black-dell-laptop-computer-ID1fz5qz.html#df626db38c,https://img01.olx.in/images_olxin/424339463_1_144x108_black-dell-laptop-computer-chennai.jpg
Sony headphones for music,Rs. 90,olx.in,https://www.olx.in/item/sony-headphones-for-music-ID1fz5xN.html#df626db38c,https://img01.olx.in/images_olxin/424339881_2_144x108_sony-headphones-for-music-upload-photos.jpg
nvidia msi n210 series 1gb ddr3 graphix card,Rs. 2500,olx.in,https://www.olx.in/item/nvidia-msi-n210-series-1gb-ddr3-graphix-card-ID1fz5It.html#df626db38c,https://img01.olx.in/images_olxin/424341493_1_144x108_nvidia-msi-n210-series-1gb-ddr3-graphix-card-kolkata.jpg
Hp Pavilion 15 Ab552tx Notebook. 2 Year Extended,Rs. 33000,olx.in,https://www.olx.in/item/hp-pavilion-15-ab552tx-notebook-2-year-extended-ID1fz5Gp.html#df626db38c,https://img01.olx.in/images_olxin/424341277_2_144x108_hp-pavilion-15-ab552tx-notebook-2-year-extended-upload-photos_rev003.jpg
Want To Sellmy Very Good Condition Laptop,Rs. 14500,olx.in,https://www.olx.in/item/want-to-sellmy-very-good-condition-laptop-ID1fz5Gb.html#df626db38c,https://img01.olx.in/images_olxin/424340197_1_144x108_want-to-sellmy-very-good-condition-laptop-kolkata.jpg
"24inch 7500/- led brand new m 73.55.6,3,000,5 (k-tech)",Rs. 7500,olx.in,https://www.olx.in/item/24inch-7500-led-brand-new-m-73-55-6-3-000-5-k-tech-ID1fz5Hz.html#df626db38c,https://img01.olx.in/images_olxin/424340703_1_144x108_24inch-7500-led-brand-new-m-7355630005-k-tech-jalandhar.jpg
Desktop Computer - 17inch Monitor,Rs. 3500,olx.in,https://www.olx.in/item/desktop-computer-17inch-monitor-ID1fz5F1.html#df626db38c,https://img01.olx.in/images_olxin/424340571_1_144x108_desktop-computer-17inch-monitor-mangaluru.jpg
Hp laptop original charger urgent sell,Rs. 1000,olx.in,https://www.olx.in/item/hp-laptop-original-charger-urgent-sell-ID1fz5Et.html#df626db38c,https://img01.olx.in/images_olxin/424340711_1_144x108_hp-laptop-original-charger-urgent-sell-patna.jpg
Green Computer Motherboard,Rs. 2000,olx.in,https://www.olx.in/item/green-computer-motherboard-ID1fz57N.html#130eb9342a,https://img01.olx.in/images_olxin/424337247_1_144x108_green-computer-motherboard-ghaziabad.jpg
Comapq intel pentium Window 7,Rs. 8000,olx.in,https://www.olx.in/item/comapq-intel-pentium-window-7-ID1fz59n.html#130eb9342a,https://img01.olx.in/images_olxin/424337225_1_144x108_comapq-intel-pentium-window-7-delhi.jpg
Dell I5 Leptop,Rs. 52000,olx.in,https://www.olx.in/item/dell-i5-leptop-ID1fz4VD.html#130eb9342a,https://img01.olx.in/images_olxin/424331047_1_144x108_dell-i5-leptop-bilaspur.jpg
Its in good condition I just bought this 2weeks,Rs. 14999,olx.in,https://www.olx.in/item/its-in-good-condition-i-just-bought-this-2weeks-ID1fz55h.html#130eb9342a,https://img01.olx.in/images_olxin/424336909_1_144x108_its-in-good-condition-i-just-bought-this-2weeks-nongstoin.jpg
"hp c2d 4410 2gb/160gb rs 8,500/-only with ok condition laptop",Rs. 8500,olx.in,https://www.olx.in/item/hp-c2d-4410-2gb-160gb-rs-8-500-only-with-ok-condition-laptop-ID1fz56Z.html#130eb9342a,https://img01.olx.in/images_olxin/424336995_1_144x108_hp-c2d-4410-2gb-160gb-rs-8500-only-with-ok-condition-laptop-jaipur.jpg
binatone wifi router,Rs. 550,olx.in,https://www.olx.in/item/binatone-wifi-router-ID1fz50b.html#130eb9342a,https://img01.olx.in/images_olxin/424336083_1_144x108_binatone-wifi-router-rajkot.jpg
D-Link WiFi Modem Router,Rs. 1500,olx.in,https://www.olx.in/item/d-link-wifi-modem-router-ID1fz4Vf.html#130eb9342a,https://img01.olx.in/images_olxin/424335865_1_144x108_d-link-wifi-modem-router-guwahati.jpg
Lenovo reliance,Rs. 8500,olx.in,https://www.olx.in/item/lenovo-reliance-ID1fghcw.html#130eb9342a,https://img01.olx.in/images_olxin/416451793_1_144x108_lenovo-reliance-kanpur_rev001.jpg
"Dell laptop, with perfect condition 4 gb Ram,",Rs. 14500,olx.in,https://www.olx.in/item/dell-laptop-with-perfect-condition-4-gb-ram-ID1fz4HL.html#130eb9342a,https://img01.olx.in/images_olxin/424334159_1_144x108_dell-laptop-with-perfect-condition-4-gb-ram-ahmedabad.jpg
1 year old Airtel 4G dongle. Least used. Very,Rs. 2999,olx.in,https://www.olx.in/item/1-year-old-airtel-4g-dongle-least-used-very-ID1fz4Sw.html#130eb9342a,https://img01.olx.in/images_olxin/424335563_1_144x108_1-year-old-airtel-4g-dongle-least-used-very-udupi_rev003.jpg
"Laptop Mini (Lenovo Laptop), 2gb ram, 320 hard",Rs. 7500,olx.in,https://www.olx.in/item/laptop-mini-lenovo-laptop-2gb-ram-320-hard-ID1fz4I5.html#130eb9342a,https://img01.olx.in/images_olxin/424332335_1_144x108_laptop-mini-lenovo-laptop-2gb-ram-320-hard-mumbai.jpg
Intel xeon market price 9999 ok conditions brand,Rs. 5500,olx.in,https://www.olx.in/item/intel-xeon-market-price-9999-ok-conditions-brand-ID1fz4WW.html#130eb9342a,https://img01.olx.in/images_olxin/424335389_1_144x108_intel-xeon-market-price-9999-ok-conditions-brand-vadodara.jpg
3G Net Setter Box,Rs. 1100,olx.in,https://www.olx.in/item/3g-net-setter-box-ID1fz4KZ.html#130eb9342a,https://img01.olx.in/images_olxin/424334089_1_144x108_3g-net-setter-box-jammu_rev001.jpg
TVS Gold keyboard good working,Rs. 350,olx.in,https://www.olx.in/item/tvs-gold-keyboard-good-working-ID1fz4PD.html#130eb9342a,https://img01.olx.in/images_olxin/424334421_1_144x108_tvs-gold-keyboard-good-working-ahmedabad.jpg
core2quad q9400 cpu with maxonic g31 motherboard,Rs. 6500,olx.in,https://www.olx.in/item/core2quad-q9400-cpu-with-maxonic-g31-motherboard-ID1fz4KJ.html#130eb9342a,https://img01.olx.in/images_olxin/424334575_1_144x108_core2quad-q9400-cpu-with-maxonic-g31-motherboard-lucknow.jpg
Spacial Offer Cost To Cost Computer System Only 11799,Rs. 11799,olx.in,https://www.olx.in/item/spacial-offer-cost-to-cost-computer-system-only-11799-ID1dRwnl.html#130eb9342a,https://img04.olx.in/images_olxin/380631993_1_144x108_spacial-offer-cost-to-cost-computer-system-only-11799-delhi.jpg
Silver Dell Laptop,Rs. 7500,olx.in,https://www.olx.in/item/silver-dell-laptop-ID1fySSj.html#130eb9342a,https://img01.olx.in/images_olxin/424252677_1_144x108_silver-dell-laptop-bihar_rev003.jpg
Dell latitude 3340 i5 4th generation Ram 4gb hard,Rs. 18599,olx.in,https://www.olx.in/item/dell-latitude-3340-i5-4th-generation-ram-4gb-hard-ID1fyVkT.html#130eb9342a,https://img01.olx.in/images_olxin/424276921_1_144x108_dell-latitude-3340-i5-4th-generation-ram-4gb-hard-patna_rev004.jpg
Micromax light Counter In Very Good Condition,Rs. 18000,olx.in,https://www.olx.in/item/micromax-light-counter-in-very-good-condition-ID1fz4Mf.html#130eb9342a,https://img01.olx.in/images_olxin/424334717_1_144x108_micromax-light-counter-in-very-good-condition-ludhiana.jpg
Apple MacBook pro Model- A 1286 core i7 2rd gen call 9999.621998,Rs. 39500,olx.in,https://www.olx.in/item/apple-macbook-pro-model-a-1286-core-i7-2rd-gen-call-9999-621998-ID1fz4Ot.html#130eb9342a,https://img01.olx.in/images_olxin/424334835_2_144x108_apple-macbook-pro-model-a-1286-core-i7-2rd-gen-call-9999621998-upload-photos_rev003.jpg
HP Intel Core i5 3.33ghz 4gb /250gb dvd rw Rs.8500 Fix price Bombay,Rs. 8500,olx.in,https://www.olx.in/item/hp-intel-core-i5-3-33ghz-4gb-250gb-dvd-rw-rs-8500-fix-price-bombay-ID1fgpK7.html#130eb9342a,https://img01.olx.in/images_olxin/416509233_1_144x108_hp-intel-core-i5-333ghz-4gb-250gb-dvd-rw-rs8500-fix-price-bombay-mumbai.jpg
Black Jio Wifi Broadband,Rs. 999,olx.in,https://www.olx.in/item/black-jio-wifi-broadband-ID1fz4HJ.html#130eb9342a,https://img01.olx.in/images_olxin/424334259_1_144x108_black-jio-wifi-broadband-kolkata.jpg
Hathaway Set Up Box,Rs. 1000,olx.in,https://www.olx.in/item/hathaway-set-up-box-ID1fz4Hp.html#130eb9342a,https://img01.olx.in/images_olxin/424334393_1_144x108_hathaway-set-up-box-hyderabad.jpg
Silver LG Laptop Computer,Rs. 5500,olx.in,https://www.olx.in/item/silver-lg-laptop-computer-ID1fz4F7.html#130eb9342a,https://img01.olx.in/images_olxin/424334053_1_144x108_silver-lg-laptop-computer-indore.jpg
computer table,Rs. 5000,olx.in,https://www.olx.in/item/computer-table-ID1fz4wx.html#130eb9342a,https://img01.olx.in/images_olxin/424332991_1_144x108_computer-table-dehra-dun.jpg
Samsung Leptop intel i5 6gb rem 512hardis,Rs. 19000,olx.in,https://www.olx.in/item/samsung-leptop-intel-i5-6gb-rem-512hardis-ID1fz4Bj.html#130eb9342a,https://img01.olx.in/images_olxin/424333259_1_144x108_samsung-leptop-intel-i5-6gb-rem-512hardis-mumbai.jpg
HP lap top.Unused for Last 5 years.,Rs. 3000,olx.in,https://www.olx.in/item/hp-lap-top-unused-for-last-5-years-ID1fz4CJ.html#130eb9342a,https://img01.olx.in/images_olxin/424333161_1_144x108_hp-lap-topunused-for-last-5-years-visakhpatnam.jpg
Black Acer Laptop Computer,Rs. 28000,olx.in,https://www.olx.in/item/black-acer-laptop-computer-ID1fz4yN.html#130eb9342a,https://img01.olx.in/images_olxin/424333369_1_144x108_black-acer-laptop-computer-navi-mumbai_rev002.jpg
Think pad Core2duo 2gb /160gb dvd rw wifi BT 14' Rs.6500 Fix price,Rs. 6500,olx.in,https://www.olx.in/item/think-pad-core2duo-2gb-160gb-dvd-rw-wifi-bt-14-rs-6500-fix-price-ID1fggB1.html#130eb9342a,https://img01.olx.in/images_olxin/416447949_1_144x108_think-pad-core2duo-2gb-160gb-dvd-rw-wifi-bt-14-rs6500-fix-price-mumbai.jpg
Dell Latitude D 505,Rs. 4000,olx.in,https://www.olx.in/item/dell-latitude-d-505-ID1fnz93.html#130eb9342a,https://img01.olx.in/images_olxin/419514011_1_144x108_dell-latitude-d-505-gurdaspur.jpg
Green USB Fan,Rs. 150,olx.in,https://www.olx.in/item/green-usb-fan-ID1eSUJD.html#130eb9342a,https://img01.olx.in/images_olxin/406716749_1_144x108_green-usb-fan-roorkee.jpg
Acer Flat Screen Computer Monitor,Rs. 2800,olx.in,https://www.olx.in/item/acer-flat-screen-computer-monitor-ID1fh3dH.html#130eb9342a,https://img01.olx.in/images_olxin/416780713_1_144x108_acer-flat-screen-computer-monitor-delhi.jpg
HDMI cable thick copper built,Rs. 299,olx.in,https://www.olx.in/item/hdmi-cable-thick-copper-built-ID1fz4Bt.html#130eb9342a,https://img01.olx.in/images_olxin/424333417_1_144x108_hdmi-cable-thick-copper-built-patna.jpg
Black Lenovo Laptop g50-45,Rs. 18500,olx.in,https://www.olx.in/item/black-lenovo-laptop-g50-45-ID1fz4zt.html#130eb9342a,https://img01.olx.in/images_olxin/424333333_1_144x108_black-lenovo-laptop-g50-45-mumbai.jpg
working is good condition any body interested,Rs. 10000,olx.in,https://www.olx.in/item/working-is-good-condition-any-body-interested-ID1fz4nz.html#130eb9342a,https://img01.olx.in/images_olxin/424332235_1_144x108_working-is-good-condition-any-body-interested-warangal.jpg
"New Intel branded system 500gb hdd 4gb Ram with 18.5"" Samsung LED,,",Rs. 15999,olx.in,https://www.olx.in/item/new-intel-branded-system-500gb-hdd-4gb-ram-with-18-5-samsung-led-ID1fz4Az.html#130eb9342a,https://img01.olx.in/images_olxin/424333625_1_144x108_new-intel-branded-system-500gb-hdd-4gb-ram-with-185-samsung-led-bengaluru.jpg
DESKTOP COMPUTER PC CORE2DUO 2.93 GHZ 1 yr/ZEB G31 MB 1,Rs.7399,shopclues.com,http://www.shopclues.com/desktop-computer-pc-core2duo-2.93-ghz-1-yr-zeb-g31-mb-1yw-4-gb-ddr2-3yw-sea-320gb-1y-iball-cab-with-smps-3-yw-free-wifi-124443181.html,https://cdn.shopclues.com/images/thumbnails/79539/200/200/124443181stella1501751929.jpg
Reach Maestro AIO 21.5 inch screen (Intel Core i3 4GB 5,Rs.25499,shopclues.com,http://www.shopclues.com/reach-maestro-aio-21.5-215asm6-dexwb01323-rca-010-all-in-one-laptop-126450435.html,https://cdn.shopclues.com/images/thumbnails/81910/200/200/126450435reachRCA0101504165300.jpg
AIO 300 [F0CL001GIN] CDC 6TH/4GB/500GB/DVD/DOS/WIRED/19,Rs.19999,shopclues.com,http://www.shopclues.com/aio-300-f0cl001gin-cdc-6th-4gb-500gb-dvd-dos-wired-19.5.html,https://cdn.shopclues.com/images/thumbnails/79563/200/200/12446310041UtRtoIKqL1501777594.jpg
"Asus ROG GR8 Gaming Desktop( Core i7, RAM: 16GB, HDD: 1",Rs.49899,shopclues.com,http://www.shopclues.com/asus-rog-gr8-gaming-desktop-core-i7-ram-16gb-hdd-1tb--128gb-ssd-geforce-gtx750ti-2gb-black-and-red-119297019.html,https://cdn.shopclues.com/images/thumbnails/71526/200/200/119297019AsusROGGR8GamingDesktopSDL2980217401b8cde1495083678.jpg
Accu-Check Active 100 Test Strips,Rs.1449,shopclues.com,http://www.shopclues.com/accu-check-active-100-test-strips-122939236.html,https://cdn.shopclues.com/images/thumbnails/77244/200/200/122939236Active1001499174500.jpg
Lenovo Ideacentre AIO 300-23ISU F0BY00P1IN (Intel Core,Rs.36299,shopclues.com,http://www.shopclues.com/lenovo-ideacentre-aio-300-23isu-f0by00p1in-intel-core-i3-6006u-4gb-ddr4-hdd-1tb-7200rpm-wireless-keyboard-mouse-dos-23-ips-led-black.html,https://cdn.shopclues.com/images/thumbnails/79563/200/200/12446309061OvcFKtIgL1501777567.jpg
HP Chromebox Intel Core i7 4600U 2.1 GHz 16 GB 128 GB S,Rs.44999,shopclues.com,http://www.shopclues.com/hp-chromebox-intel-core-i7-4600u-2.1-ghz-16-gb-128-gb-ssd-win-7-pro-cpu-desktop-123053363.html,https://cdn.shopclues.com/images/thumbnails/77411/200/200/123053363CHR1499237384.jpg
LENOVO IDEACENTRE AIO 310 19.5INCH WINDOWS 10 (CELERON,Rs.25390,shopclues.com,http://www.shopclues.com/lenovo-ideacentre-aio-310-19.5inch-windows-10-celeron-dual-core-4gb-500gb-hdd.html,https://cdn.shopclues.com/images/thumbnails/79568/200/200/124463097906929184123D77D65C4451B8346910C1501831724.jpg
Dell Inspiron AIO 3010 Desktop,Rs.23500,shopclues.com,http://www.shopclues.com/dell-inspiron-aio-3010.html,https://cdn.shopclues.com/images/thumbnails/21462/200/200/image1436210947.jpg
The Masterpiece VOLTED PC,Rs.20000,shopclues.com,http://www.shopclues.com/the-masterpiece-volted-pc.html,https://cdn.shopclues.com/images/thumbnails/58400/200/200/91FU7bFyYiL1487999506.jpg
THINPC ALL IN ONE DESKTOP(Barebone) / AIO / 18.5 LED /,Rs.11800,shopclues.com,http://www.shopclues.com/thinpc-all-in-one-desktop-barebone-aio-185-led-speaker-mic-keyboard-1.html,https://cdn.shopclues.com/images/thumbnails/33639/200/200/ertdrteryteryeryerye1457344141.jpg
Dell Optiplex 3046 MT) (Intel Pentium Dual Core)/4 GB/5,Rs.28999,shopclues.com,http://www.shopclues.com/dell-optiplex-3046-mt-intel-pentium-dual-core-4-gb-500-gb-windows-10-prof.-3-years-warranty-126267275.html,https://cdn.shopclues.com/images/thumbnails/81717/200/200/126267275150192003981PO4eAtReL1504009138.jpg
"Toyshine English, Maths Learning Laptop for Kids With Mouse and 78 Activities","Rs. 1,299",amazon.in,https://www.amazon.in/Toyshine-English-Learning-Laptop-Activities/dp/B0767F5BYR/ref=sr_1_17?ie=UTF8&qid=1509429571&sr=8-17&keywords=computer,https://images-eu.ssl-images-amazon.com/images/I/41HzNzLCA3L._AC_US218_.jpg
Samsung S19F350HNW 18.5-inch AH IPS LED Monitor (Black)[NOT A TV],"Rs. 5,725",amazon.in,https://www.amazon.in/Samsung-S19F350HNW-18-5-inch-Monitor-Black/dp/B01DP5M4TQ/ref=sr_1_18?ie=UTF8&qid=1509429571&sr=8-18&keywords=computer,https://images-eu.ssl-images-amazon.com/images/I/51vQoTgPckL._AC_US218_.jpg
TECH SHOP Power Cable Cord Compatible With Monitor / CPU / PC / Computer / Printer / Desktop / SMPS lack - 1.5m,Rs. 249,amazon.in,https://www.amazon.in/TECH-SHOP-Power-Cable-Desktop/dp/B075WW1QBW/ref=sr_1_20?ie=UTF8&qid=1509429571&sr=8-20&keywords=computer,https://images-eu.ssl-images-amazon.com/images/I/41ZB+MyQn0L._AC_US218_.jpg
Nallu Assembled 15.6-inch All-in-One Desktop (Core 2 Duo/2GB/250GB/DVD RW/Windows 7 Trial),"Rs. 11,499",amazon.in,https://www.amazon.in/Nallu-Assembled-15-6-inch-Desktop-Windows/dp/B01CR0QP7C/ref=sr_1_21?ie=UTF8&qid=1509429571&sr=8-21&keywords=computer,https://images-eu.ssl-images-amazon.com/images/I/31lsuqVQlUL._AC_US218_.jpg
Gizga Essentials Ergonomic Height Adjustable Foldable Multi-Function Portable Laptop Table,Rs. 999,amazon.in,https://www.amazon.in/Essentials-Ergonomic-Adjustable-Foldable-Multi-Function/dp/B01NBOQ8RV/ref=sr_1_22?ie=UTF8&qid=1509429571&sr=8-22&keywords=computer,https://images-eu.ssl-images-amazon.com/images/I/51Y-okYIivL._AC_US218_.jpg
"eErlik External 2.5 "" inch Sata Casing HARD Disk Drive Usb portable HDD CASE Enclosure for Laptop- silver",Rs. 399,amazon.in,https://www.amazon.in/eErlik-External-portable-Enclosure-Laptop/dp/B076HMS538/ref=sr_1_23?ie=UTF8&qid=1509429571&sr=8-23&keywords=computer,https://images-eu.ssl-images-amazon.com/images/I/418fJ7jiKNL._AC_US218_.jpg
Quantum QHM495LM 25MP Web Camera,Rs. 420,amazon.in,https://www.amazon.in/Quantum-QHM495LM-25MP-Web-Camera/dp/B00L5AWKUM/ref=sr_1_24?ie=UTF8&qid=1509429571&sr=8-24&keywords=computer,https://images-eu.ssl-images-amazon.com/images/I/41Z-JCPiFxL._AC_US218_.jpg
"Raspberry Pi 3: The Ultimate Guide to the World of Raspberry Pi 3, Python, Programming, Micro Computer (Simple Step By Step Guide for Beginners, Raspberry Pi 3 for Dummies, Raspberry Pi 3 Projects)",Rs. 0,amazon.in,https://www.amazon.in/Raspberry-Pi-Ultimate-Programming-Beginners-ebook/dp/B076J933P6/ref=sr_1_25?ie=UTF8&qid=1509429571&sr=8-25&keywords=computer,https://images-eu.ssl-images-amazon.com/images/I/419AaSP6uAL._AC_US218_.jpg
"Saco Ultra Clear Glossy HD Screen Guard Scratch Protector for Lenovo Yoga 710 14 - 14"" FHD Touch Laptop",Rs. 450,amazon.in,https://www.amazon.in/Saco-Glossy-Screen-Scratch-Protector/dp/B01KC6O19W/ref=sr_1_26?ie=UTF8&qid=1509429571&sr=8-26&keywords=computer,https://images-eu.ssl-images-amazon.com/images/I/51J-JvD+eLL._AC_US218_.jpg
Smart Shelter Portable Height Adjustable Laptop Table / Study Table,"Rs. 2,799",amazon.in,https://www.amazon.in/Smart-Shelter-Portable-Height-Adjustable/dp/B01N4A5QYH/ref=sr_1_27?ie=UTF8&qid=1509429571&sr=8-27&keywords=computer,https://images-eu.ssl-images-amazon.com/images/I/41wpMsIAi7L._AC_US218_.jpg
Computer,Rs. 39,amazon.in,https://www.amazon.in/Computer-Rani-Ahilya/dp/9384761117/ref=sr_1_28?ie=UTF8&qid=1509429571&sr=8-28&keywords=computer,https://images-eu.ssl-images-amazon.com/images/I/41CM12b527L._AC_US218_.jpg
"TECH SHOP 15 Pin Male To Male 1.5 Meter VGA Cable For Computer monitors, Televisions,Desktop, Laptop, Projector, LEDs, LCDs",Rs. 249,amazon.in,https://www.amazon.in/TECH-SHOP-VGA-Cable-Televisions/dp/B075WW758R/ref=sr_1_29?ie=UTF8&qid=1509429571&sr=8-29&keywords=computer,https://images-eu.ssl-images-amazon.com/images/I/51YnJPBf04L._AC_US218_.jpg
"Wi-Fi Receiver 300Mbps, 2.4GHz, 802.11b/g/n USB 2.0 Wireless Mini Wi-Fi Network Adapter",Rs. 270,amazon.in,https://www.amazon.in/Receiver-300Mbps-802-11b-Wireless-Network/dp/B0141EZMAI/ref=sr_1_30?ie=UTF8&qid=1509429571&sr=8-30&keywords=computer,https://images-eu.ssl-images-amazon.com/images/I/31PdWrdo-IL._AC_US218_.jpg
iBall Decor 9 Computer Multimedia Speakers,Rs. 480,amazon.in,https://www.amazon.in/iBall-Decor-Computer-Multimedia-Speakers/dp/B017K7TO6G/ref=sr_1_31?ie=UTF8&qid=1509429571&sr=8-31&keywords=computer,https://images-eu.ssl-images-amazon.com/images/I/51bvhApRPxL._AC_US218_.jpg
Nylon Black Industrial Cable Ties Straps Tie Roll Wraps Hook Loop Fastener For Laptop Computer TV Wire Cord Management Organizer Cord Taps 195CM â€¦,Rs. 169,amazon.in,https://www.amazon.in/Industrial-Fastener-Computer-Management-Organizer/dp/B06XCN9B6C/ref=sr_1_32?ie=UTF8&qid=1509429571&sr=8-32&keywords=computer,https://images-eu.ssl-images-amazon.com/images/I/41JP-1htRyL._AC_US218_.jpg
